"Reference","Qty","Value","Footprint","Datasheet","Description"
"C1,C3,C4","3","10uF 16V X7R","Capacitor_SMD:C_1206_3216Metric","","Unpolarized capacitor"
"C2","1","100nF 50V X7R","Capacitor_SMD:C_1206_3216Metric","","Unpolarized capacitor"
"D1","1","Littelfuse SMF5.0A","Diode_SMD:D_SOD-123","","Bidirectional transient-voltage-suppression diode"
"D2,D3","2","APDT3216EC","LED_SMD:LED_1206_3216Metric","","Light emitting diode"
"F1","1","Littelfuse 1206L050","Fuse:Fuse_1206_3216Metric","","Resettable fuse, polymeric positive temperature coefficient"
"J1","1","USB4105-15-A","Connector_USB:USB_C_Receptacle_GCT_USB4105-xx-A_16P_TopMnt_Horizontal","https://www.usb.org/sites/default/files/documents/usb_type-c.zip","USB 2.0-only 14P Type-C Receptacle connector"
"J2,J3","2","61300211121","Connector_PinHeader_2.54mm:PinHeader_1x02_P2.54mm_Vertical","","Generic connector, single row, 01x02, script generated (kicad-library-utils/schlib/autogen/connector/)"
"Q1","1","AO3401A","Package_TO_SOT_SMD:SOT-23","","P-MOSFET transistor, gate/source/drain"
"R1,R2","2","CRCW12065K10FKEA","Resistor_SMD:R_1206_3216Metric","","Resistor"
"R3","1","CRCW1206100KFKEA","Resistor_SMD:R_1206_3216Metric","","Resistor"
"R4,R5","2","CRCW12061K00FKEA","Resistor_SMD:R_1206_3216Metric","","Resistor"
"U1","1","AMS1117-3.3","Package_TO_SOT_SMD:SOT-223-3_TabPin2","http://www.advanced-monolithic.com/pdf/ds1117.pdf","1A Low Dropout regulator, positive, 3.3V fixed output, SOT-223"
